metric,value (%)
length,4801
GC,38.637784
A,36.242449
G,19.641741
C,18.996042
T,25.119767
U,0.000000
N,0.000000
M,55.238492
K,44.761508
S,38.637784
W,61.362216
H,80.358259
B,63.757551
V,74.880233
D,81.003958
