metric,value (%)
length,4456
GC,38.913824
A,41.180431
G,16.157989
C,22.755835
T,19.905745
U,0.000000
N,0.000000
M,63.936266
K,36.063734
S,38.913824
W,61.086176
H,83.842011
B,58.819569
V,80.094255
D,77.244165
