metric,value (%)
length,4944
GC,41.080097
A,33.313107
G,19.660194
C,21.419903
T,25.606796
U,0.000000
N,0.000000
M,54.733010
K,45.266990
S,41.080097
W,58.919903
H,80.339806
B,66.686893
V,74.393204
D,78.580097
