metric,value (%)
length,3909
GC,42.977744
A,36.198516
G,19.109747
C,23.867997
T,20.823740
U,0.000000
N,0.000000
M,60.066513
K,39.933487
S,42.977744
W,57.022256
H,80.890253
B,63.801484
V,79.176260
D,76.132003
