metric,value (%)
length,4442
GC,46.330482
A,31.202161
G,21.589374
C,24.741108
T,22.467357
U,0.000000
N,0.000000
M,55.943269
K,44.056731
S,46.330482
W,53.669518
H,78.410626
B,68.797839
V,77.532643
D,75.258892
