metric,value (%)
length,5268
GC,44.969628
A,27.904328
G,23.044799
C,21.924829
T,27.126044
U,0.000000
N,0.000000
M,49.829157
K,50.170843
S,44.969628
W,55.030372
H,76.955201
B,72.095672
V,72.873956
D,78.075171
