metric,value (%)
length,5076
GC,39.263199
A,35.382191
G,19.996060
C,19.267139
T,25.354610
U,0.000000
N,0.000000
M,54.649330
K,45.350670
S,39.263199
W,60.736801
H,80.003940
B,64.617809
V,74.645390
D,80.732861
