metric,value (%)
length,4395
GC,51.535836
A,26.530148
G,26.188851
C,25.346985
T,21.934016
U,0.000000
N,0.000000
M,51.877133
K,48.122867
S,51.535836
W,48.464164
H,73.811149
B,73.469852
V,78.065984
D,74.653015
