metric,value (%)
length,4662
GC,39.274989
A,36.250536
G,20.227370
C,19.047619
T,24.474474
U,0.000000
N,0.000000
M,55.298155
K,44.701845
S,39.274989
W,60.725011
H,79.772630
B,63.749464
V,75.525526
D,80.952381
