metric,value (%)
length,5189
GC,40.662941
A,35.902871
G,21.757564
C,18.905377
T,23.434188
U,0.000000
N,0.000000
M,54.808248
K,45.191752
S,40.662941
W,59.337059
H,78.242436
B,64.097129
V,76.565812
D,81.094623
