metric,value (%)
length,4176
GC,38.194444
A,40.732759
G,18.175287
C,20.019157
T,21.072797
U,0.000000
N,0.000000
M,60.751916
K,39.248084
S,38.194444
W,61.805556
H,81.824713
B,59.267241
V,78.927203
D,79.980843
