metric,value (%)
length,5076
GC,50.689519
A,28.112687
G,26.083530
C,24.605989
T,21.197794
U,0.000000
N,0.000000
M,52.718676
K,47.281324
S,50.689519
W,49.310481
H,73.916470
B,71.887313
V,78.802206
D,75.394011
