metric,value (%)
length,6085
GC,39.391947
A,37.058340
G,24.864421
C,14.527527
T,23.549712
U,0.000000
N,0.000000
M,51.585867
K,48.414133
S,39.391947
W,60.608053
H,75.135579
B,62.941660
V,76.450288
D,85.472473
