metric,value (%)
length,5257
GC,43.560966
A,32.356858
G,21.951683
C,21.609283
T,24.082176
U,0.000000
N,0.000000
M,53.966140
K,46.033860
S,43.560966
W,56.439034
H,78.048317
B,67.643142
V,75.917824
D,78.390717
