metric,value (%)
length,6039
GC,36.380195
A,32.439146
G,18.496440
C,17.883756
T,31.180659
U,0.000000
N,0.000000
M,50.322901
K,49.677099
S,36.380195
W,63.619805
H,81.503560
B,67.560854
V,68.819341
D,82.116244
