metric,value (%)
length,5407
GC,43.980026
A,31.958572
G,21.731089
C,22.248937
T,24.061402
U,0.000000
N,0.000000
M,54.207509
K,45.792491
S,43.980026
W,56.019974
H,78.268911
B,68.041428
V,75.938598
D,77.751063
