metric,value (%)
length,5100
GC,51.431373
A,24.490196
G,25.627451
C,25.803922
T,24.078431
U,0.000000
N,0.000000
M,50.294118
K,49.705882
S,51.431373
W,48.568627
H,74.372549
B,75.509804
V,75.921569
D,74.196078
