metric,value (%)
length,5517
GC,48.776509
A,30.995106
G,25.702374
C,23.074134
T,20.228385
U,0.000000
N,0.000000
M,54.069241
K,45.930759
S,48.776509
W,51.223491
H,74.297626
B,69.004894
V,79.771615
D,76.925866
