metric,value (%)
length,4928
GC,35.693994
A,38.047890
G,18.100649
C,17.593344
T,26.258117
U,0.000000
N,0.000000
M,55.641234
K,44.358766
S,35.693994
W,64.306006
H,81.899351
B,61.952110
V,73.741883
D,82.406656
