metric,value (%)
length,4743
GC,49.673203
A,28.231077
G,24.667932
C,25.005271
T,22.095720
U,0.000000
N,0.000000
M,53.236348
K,46.763652
S,49.673203
W,50.326797
H,75.332068
B,71.768923
V,77.904280
D,74.994729
