metric,value (%)
length,4286
GC,62.879141
A,21.605226
G,29.794680
C,33.084461
T,15.515632
U,0.000000
N,0.000000
M,54.689687
K,45.310313
S,62.879141
W,37.120859
H,70.205320
B,78.394774
V,84.484368
D,66.915539
