metric,value (%)
length,4613
GC,37.546065
A,39.258617
G,17.190548
C,20.355517
T,23.195318
U,0.000000
N,0.000000
M,59.614134
K,40.385866
S,37.546065
W,62.453935
H,82.809452
B,60.741383
V,76.804682
D,79.644483
