metric,value (%)
length,5071
GC,45.947545
A,26.602248
G,22.618813
C,23.328732
T,27.450207
U,0.000000
N,0.000000
M,49.930980
K,50.069020
S,45.947545
W,54.052455
H,77.381187
B,73.397752
V,72.549793
D,76.671268
