metric,value (%)
length,4721
GC,57.318365
A,23.469604
G,27.557721
C,29.760644
T,19.212031
U,0.000000
N,0.000000
M,53.230248
K,46.769752
S,57.318365
W,42.681635
H,72.442279
B,76.530396
V,80.787969
D,70.239356
