metric,value (%)
length,4926
GC,38.550548
A,35.322777
G,20.767357
C,17.783191
T,26.126675
U,0.000000
N,0.000000
M,53.105968
K,46.894032
S,38.550548
W,61.449452
H,79.232643
B,64.677223
V,73.873325
D,82.216809
