metric,value (%)
length,3893
GC,37.092217
A,41.715900
G,17.647059
C,19.445158
T,21.191883
U,0.000000
N,0.000000
M,61.161058
K,38.838942
S,37.092217
W,62.907783
H,82.352941
B,58.284100
V,78.808117
D,80.554842
