metric,value (%)
length,5908
GC,37.034529
A,31.296547
G,17.654028
C,19.380501
T,31.635071
U,0.000000
N,0.033852
M,50.677048
K,49.289100
S,37.034529
W,62.931618
H,82.312119
B,68.669601
V,68.331077
D,80.585647
