metric,value (%)
length,4001
GC,47.913022
A,34.041490
G,20.194951
C,27.718070
T,18.020495
U,0.000000
N,0.024994
M,61.759560
K,38.215446
S,47.913022
W,52.061985
H,79.780055
B,65.933517
V,81.954511
D,72.256936
