metric,value (%)
length,5439
GC,46.460746
A,28.626586
G,24.030153
C,22.430594
T,24.894282
U,0.000000
N,0.018386
M,51.057180
K,48.924435
S,46.460746
W,53.520868
H,75.951462
B,71.355028
V,75.087332
D,77.551020
