metric,value (%)
length,5028
GC,42.104216
A,30.389817
G,21.996818
C,20.107399
T,27.505967
U,0.000000
N,0.000000
M,50.497216
K,49.502784
S,42.104216
W,57.895784
H,78.003182
B,69.610183
V,72.494033
D,79.892601
