metric,value (%)
length,4590
GC,49.041394
A,28.496732
G,24.074074
C,24.967320
T,22.461874
U,0.000000
N,0.000000
M,53.464052
K,46.535948
S,49.041394
W,50.958606
H,75.925926
B,71.503268
V,77.538126
D,75.032680
