metric,value (%)
length,5203
GC,48.029983
A,30.290217
G,24.063041
C,23.966942
T,21.679800
U,0.000000
N,0.000000
M,54.257159
K,45.742841
S,48.029983
W,51.970017
H,75.936959
B,69.709783
V,78.320200
D,76.033058
