metric,value (%)
length,5075
GC,37.852217
A,39.211823
G,17.438424
C,20.413793
T,22.935961
U,0.000000
N,0.000000
M,59.625616
K,40.374384
S,37.852217
W,62.147783
H,82.561576
B,60.788177
V,77.064039
D,79.586207
