metric,value (%)
length,5039
GC,37.566978
A,35.562612
G,19.071244
C,18.495733
T,26.870411
U,0.000000
N,0.000000
M,54.058345
K,45.941655
S,37.566978
W,62.433022
H,80.928756
B,64.437388
V,73.129589
D,81.504267
