metric,value (%)
length,4432
GC,45.058664
A,30.618231
G,22.969314
C,22.089350
T,24.323105
U,0.000000
N,0.000000
M,52.707581
K,47.292419
S,45.058664
W,54.941336
H,77.030686
B,69.381769
V,75.676895
D,77.910650
