metric,value (%)
length,5335
GC,39.606373
A,28.978444
G,20.693533
C,18.912840
T,31.415183
U,0.000000
N,0.000000
M,47.891284
K,52.108716
S,39.606373
W,60.393627
H,79.306467
B,71.021556
V,68.584817
D,81.087160
