metric,value (%)
length,5805
GC,40.844100
A,33.057709
G,21.981051
C,18.863049
T,26.098191
U,0.000000
N,0.000000
M,51.920758
K,48.079242
S,40.844100
W,59.155900
H,78.018949
B,66.942291
V,73.901809
D,81.136951
