metric,value (%)
length,5759
GC,37.732245
A,31.463796
G,18.892169
C,18.840076
T,30.803959
U,0.000000
N,0.000000
M,50.303872
K,49.696128
S,37.732245
W,62.267755
H,81.107831
B,68.536204
V,69.196041
D,81.159924
