metric,value (%)
length,4822
GC,40.087101
A,38.925757
G,17.192036
C,22.895064
T,20.987142
U,0.000000
N,0.000000
M,61.820821
K,38.179179
S,40.087101
W,59.912899
H,82.807964
B,61.074243
V,79.012858
D,77.104936
