metric,value (%)
length,4733
GC,39.763364
A,39.319670
G,17.029368
C,22.733995
T,20.916966
U,0.000000
N,0.000000
M,62.053666
K,37.946334
S,39.763364
W,60.236636
H,82.970632
B,60.680330
V,79.083034
D,77.266005
