metric,value (%)
length,5196
GC,41.570439
A,32.678984
G,20.400308
C,21.170131
T,25.731332
U,0.000000
N,0.019246
M,53.849115
K,46.131640
S,41.570439
W,58.410316
H,79.580446
B,67.301771
V,74.249423
D,78.810624
