metric,value (%)
length,6148
GC,46.681848
A,24.690956
G,23.471047
C,23.210800
T,28.627196
U,0.000000
N,0.000000
M,47.901757
K,52.098243
S,46.681848
W,53.318152
H,76.528953
B,75.309044
V,71.372804
D,76.789200
