metric,value (%)
length,5078
GC,39.267428
A,35.407641
G,20.027570
C,19.239858
T,25.324931
U,0.000000
N,0.000000
M,54.647499
K,45.352501
S,39.267428
W,60.732572
H,79.972430
B,64.592359
V,74.675069
D,80.760142
