metric,value (%)
length,3999
GC,54.863716
A,29.957489
G,26.956739
C,27.906977
T,15.178795
U,0.000000
N,0.000000
M,57.864466
K,42.135534
S,54.863716
W,45.136284
H,73.043261
B,70.042511
V,84.821205
D,72.093023
