metric,value (%)
length,4595
GC,49.096844
A,32.078346
G,25.571273
C,23.525571
T,18.824810
U,0.000000
N,0.000000
M,55.603917
K,44.396083
S,49.096844
W,50.903156
H,74.428727
B,67.921654
V,81.175190
D,76.474429
