metric,value (%)
length,5153
GC,54.919464
A,27.420920
G,29.885504
C,25.033961
T,17.659616
U,0.000000
N,0.000000
M,52.454881
K,47.545119
S,54.919464
W,45.080536
H,70.114496
B,72.579080
V,82.340384
D,74.966039
