metric,value (%)
length,5166
GC,42.276423
A,27.584204
G,22.028649
C,20.247774
T,30.139373
U,0.000000
N,0.000000
M,47.831978
K,52.168022
S,42.276423
W,57.723577
H,77.971351
B,72.415796
V,69.860627
D,79.752226
