metric,value (%)
length,5479
GC,43.310823
A,31.684614
G,21.883555
C,21.427268
T,24.986311
U,0.000000
N,0.018252
M,53.111882
K,46.869867
S,43.310823
W,56.670925
H,78.098193
B,68.297135
V,74.995437
D,78.554481
