metric,value (%)
length,5403
GC,51.286322
A,23.616509
G,26.836942
C,24.449380
T,25.097168
U,0.000000
N,0.000000
M,48.065889
K,51.934111
S,51.286322
W,48.713678
H,73.163058
B,76.383491
V,74.902832
D,75.550620
