metric,value (%)
length,5596
GC,43.817012
A,29.556826
G,22.909221
C,20.907791
T,26.626162
U,0.000000
N,0.000000
M,50.464618
K,49.535382
S,43.817012
W,56.182988
H,77.090779
B,70.443174
V,73.373838
D,79.092209
