metric,value (%)
length,5533
GC,55.738297
A,23.874932
G,29.351166
C,26.387132
T,20.386770
U,0.000000
N,0.000000
M,50.262064
K,49.737936
S,55.738297
W,44.261703
H,70.648834
B,76.125068
V,79.613230
D,73.612868
