metric,value (%)
length,5104
GC,40.438871
A,33.307210
G,19.337774
C,21.101097
T,26.253918
U,0.000000
N,0.000000
M,54.408307
K,45.591693
S,40.438871
W,59.561129
H,80.662226
B,66.692790
V,73.746082
D,78.898903
