metric,value (%)
length,5323
GC,35.562653
A,36.126245
G,19.800864
C,15.761788
T,28.311103
U,0.000000
N,0.000000
M,51.888033
K,48.111967
S,35.562653
W,64.437347
H,80.199136
B,63.873755
V,71.688897
D,84.238212
