metric,value (%)
length,5267
GC,40.383520
A,36.662237
G,21.264477
C,19.119043
T,22.954243
U,0.000000
N,0.000000
M,55.781280
K,44.218720
S,40.383520
W,59.616480
H,78.735523
B,63.337763
V,77.045757
D,80.880957
