metric,value (%)
length,4857
GC,51.245625
A,27.321392
G,25.036030
C,26.209594
T,21.432983
U,0.000000
N,0.000000
M,53.530986
K,46.469014
S,51.245625
W,48.754375
H,74.963970
B,72.678608
V,78.567017
D,73.790406
