metric,value (%)
length,5038
GC,39.261612
A,38.388249
G,17.586344
C,21.675268
T,22.350139
U,0.000000
N,0.000000
M,60.063517
K,39.936483
S,39.261612
W,60.738388
H,82.413656
B,61.611751
V,77.649861
D,78.324732
