metric,value (%)
length,6334
GC,38.916956
A,32.380802
G,19.908431
C,19.008525
T,28.702242
U,0.000000
N,0.000000
M,51.389327
K,48.610673
S,38.916956
W,61.083044
H,80.091569
B,67.619198
V,71.297758
D,80.991475
