metric,value (%)
length,4765
GC,40.272823
A,38.593914
G,17.817419
C,22.455404
T,21.133263
U,0.000000
N,0.000000
M,61.049318
K,38.950682
S,40.272823
W,59.727177
H,82.182581
B,61.406086
V,78.866737
D,77.544596
