metric,value (%)
length,6034
GC,37.918462
A,31.024196
G,19.622141
C,18.296321
T,31.057342
U,0.000000
N,0.000000
M,49.320517
K,50.679483
S,37.918462
W,62.081538
H,80.377859
B,68.975804
V,68.942658
D,81.703679
