metric,value (%)
length,4642
GC,55.148643
A,25.140026
G,26.669539
C,28.479104
T,19.711331
U,0.000000
N,0.000000
M,53.619130
K,46.380870
S,55.148643
W,44.851357
H,73.330461
B,74.859974
V,80.288669
D,71.520896
