metric,value (%)
length,5905
GC,42.523285
A,32.243861
G,22.861981
C,19.661304
T,25.232854
U,0.000000
N,0.000000
M,51.905165
K,48.094835
S,42.523285
W,57.476715
H,77.138019
B,67.756139
V,74.767146
D,80.338696
