metric,value (%)
length,5177
GC,51.342476
A,27.139270
G,26.752946
C,24.589531
T,21.518254
U,0.000000
N,0.000000
M,51.728800
K,48.271200
S,51.342476
W,48.657524
H,73.247054
B,72.860730
V,78.481746
D,75.410469
