metric,value (%)
length,5380
GC,37.583643
A,32.267658
G,18.234201
C,19.349442
T,30.148699
U,0.000000
N,0.000000
M,51.617100
K,48.382900
S,37.583643
W,62.416357
H,81.765799
B,67.732342
V,69.851301
D,80.650558
