metric,value (%)
length,4726
GC,53.279729
A,25.603047
G,28.967414
C,24.312315
T,21.117224
U,0.000000
N,0.000000
M,49.915362
K,50.084638
S,53.279729
W,46.720271
H,71.032586
B,74.396953
V,78.882776
D,75.687685
