metric,value (%)
length,5132
GC,45.791115
A,30.046765
G,23.636009
C,22.155105
T,24.162120
U,0.000000
N,0.000000
M,52.201871
K,47.798129
S,45.791115
W,54.208885
H,76.363991
B,69.953235
V,75.837880
D,77.844895
