metric,value (%)
length,4880
GC,59.118852
A,22.868852
G,32.295082
C,26.823770
T,18.012295
U,0.000000
N,0.000000
M,49.692623
K,50.307377
S,59.118852
W,40.881148
H,67.704918
B,77.131148
V,81.987705
D,73.176230
