metric,value (%)
length,5456
GC,53.812317
A,26.301320
G,28.665689
C,25.146628
T,19.886364
U,0.000000
N,0.000000
M,51.447947
K,48.552053
S,53.812317
W,46.187683
H,71.334311
B,73.698680
V,80.113636
D,74.853372
