metric,value (%)
length,5053
GC,37.522264
A,36.334851
G,19.057985
C,18.464279
T,26.142885
U,0.000000
N,0.000000
M,54.799129
K,45.200871
S,37.522264
W,62.477736
H,80.942015
B,63.665149
V,73.857115
D,81.535721
