metric,value (%)
length,5426
GC,56.118688
A,23.590122
G,29.432363
C,26.686325
T,20.291191
U,0.000000
N,0.000000
M,50.276447
K,49.723553
S,56.118688
W,43.881312
H,70.567637
B,76.409878
V,79.708809
D,73.313675
