metric,value (%)
length,3873
GC,43.041570
A,36.276788
G,19.003357
C,24.038213
T,20.681642
U,0.000000
N,0.000000
M,60.315001
K,39.684999
S,43.041570
W,56.958430
H,80.996643
B,63.723212
V,79.318358
D,75.961787
