metric,value (%)
length,5038
GC,49.642715
A,26.915443
G,25.228265
C,24.414450
T,23.441842
U,0.000000
N,0.000000
M,51.329893
K,48.670107
S,49.642715
W,50.357285
H,74.771735
B,73.084557
V,76.558158
D,75.585550
