metric,value (%)
length,5027
GC,52.019097
A,28.307141
G,23.950666
C,28.068430
T,19.673762
U,0.000000
N,0.000000
M,56.375572
K,43.624428
S,52.019097
W,47.980903
H,76.049334
B,71.692859
V,80.326238
D,71.931570
