metric,value (%)
length,5342
GC,42.624485
A,29.034070
G,22.257581
C,20.366904
T,28.341445
U,0.000000
N,0.000000
M,49.400973
K,50.599027
S,42.624485
W,57.375515
H,77.742419
B,70.965930
V,71.658555
D,79.633096
