metric,value (%)
length,6321
GC,41.654801
A,35.817118
G,24.489796
C,17.165006
T,22.528081
U,0.000000
N,0.000000
M,52.982123
K,47.017877
S,41.654801
W,58.345199
H,75.510204
B,64.182882
V,77.471919
D,82.834994
