metric,value (%)
length,5006
GC,40.451458
A,35.037954
G,20.275669
C,20.175789
T,24.510587
U,0.000000
N,0.000000
M,55.213744
K,44.786256
S,40.451458
W,59.548542
H,79.724331
B,64.962046
V,75.489413
D,79.824211
