metric,value (%)
length,4441
GC,37.063724
A,39.968476
G,18.194100
C,18.869624
T,22.967800
U,0.000000
N,0.000000
M,58.838100
K,41.161900
S,37.063724
W,62.936276
H,81.805900
B,60.031524
V,77.032200
D,81.130376
