metric,value (%)
length,5105
GC,48.736533
A,25.386876
G,25.347698
C,23.388834
T,25.876592
U,0.000000
N,0.000000
M,48.775710
K,51.224290
S,48.736533
W,51.263467
H,74.652302
B,74.613124
V,74.123408
D,76.611166
