metric,value (%)
length,4222
GC,44.291805
A,30.127901
G,22.974893
C,21.316911
T,25.580294
U,0.000000
N,0.000000
M,51.444813
K,48.555187
S,44.291805
W,55.708195
H,77.025107
B,69.872099
V,74.419706
D,78.683089
