metric,value (%)
length,5111
GC,48.698885
A,25.337507
G,25.494032
C,23.204852
T,25.963608
U,0.000000
N,0.000000
M,48.542360
K,51.457640
S,48.698885
W,51.301115
H,74.505968
B,74.662493
V,74.036392
D,76.795148
