metric,value (%)
length,4339
GC,50.426366
A,27.195206
G,24.637013
C,25.789352
T,22.378428
U,0.000000
N,0.000000
M,52.984559
K,47.015441
S,50.426366
W,49.573634
H,75.362987
B,72.804794
V,77.621572
D,74.210648
