metric,value (%)
length,5228
GC,52.926549
A,30.183627
G,23.775822
C,29.150727
T,16.889824
U,0.000000
N,0.000000
M,59.334353
K,40.665647
S,52.926549
W,47.073451
H,76.224178
B,69.816373
V,83.110176
D,70.849273
