metric,value (%)
length,5331
GC,42.843744
A,31.963984
G,21.853311
C,20.990433
T,24.967173
U,0.000000
N,0.225098
M,52.954418
K,46.820484
S,42.843744
W,56.931157
H,77.921591
B,67.810917
V,74.807728
D,78.784468
