metric,value (%)
length,4642
GC,43.041792
A,33.498492
G,21.348557
C,21.693236
T,23.459716
U,0.000000
N,0.000000
M,55.191728
K,44.808272
S,43.041792
W,56.958208
H,78.651443
B,66.501508
V,76.540284
D,78.306764
