metric,value (%)
length,4718
GC,56.506994
A,23.760068
G,26.981772
C,29.525223
T,19.732938
U,0.000000
N,0.000000
M,53.285290
K,46.714710
S,56.506994
W,43.493006
H,73.018228
B,76.239932
V,80.267062
D,70.474777
