metric,value (%)
length,4986
GC,42.679503
A,29.622944
G,22.603289
C,20.076213
T,27.697553
U,0.000000
N,0.000000
M,49.699158
K,50.300842
S,42.679503
W,57.320497
H,77.396711
B,70.377056
V,72.302447
D,79.923787
