metric,value (%)
length,5515
GC,53.780598
A,25.874887
G,28.413418
C,25.367180
T,20.344515
U,0.000000
N,0.000000
M,51.242067
K,48.757933
S,53.780598
W,46.219402
H,71.586582
B,74.125113
V,79.655485
D,74.632820
