metric,value (%)
length,4995
GC,44.484484
A,31.651652
G,22.322322
C,22.162162
T,23.863864
U,0.000000
N,0.000000
M,53.813814
K,46.186186
S,44.484484
W,55.515516
H,77.677678
B,68.348348
V,76.136136
D,77.837838
