metric,value (%)
length,4913
GC,53.836760
A,24.262162
G,28.312640
C,25.524120
T,21.901079
U,0.000000
N,0.000000
M,49.786281
K,50.213719
S,53.836760
W,46.163240
H,71.687360
B,75.737838
V,78.098921
D,74.475880
