metric,value (%)
length,4767
GC,57.436543
A,23.851479
G,27.963080
C,29.473463
T,18.711978
U,0.000000
N,0.000000
M,53.324942
K,46.675058
S,57.436543
W,42.563457
H,72.036920
B,76.148521
V,81.288022
D,70.526537
