metric,value (%)
length,4945
GC,37.937310
A,29.726997
G,19.069767
C,18.867543
T,32.335693
U,0.000000
N,0.000000
M,48.594540
K,51.405460
S,37.937310
W,62.062690
H,80.930233
B,70.273003
V,67.664307
D,81.132457
