metric,value (%)
length,5263
GC,51.548546
A,26.600798
G,26.334790
C,25.213756
T,21.850656
U,0.000000
N,0.000000
M,51.814554
K,48.185446
S,51.548546
W,48.451454
H,73.665210
B,73.399202
V,78.149344
D,74.786244
