metric,value (%)
length,5275
GC,51.146919
A,27.298578
G,26.729858
C,24.417062
T,21.554502
U,0.000000
N,0.000000
M,51.715640
K,48.284360
S,51.146919
W,48.853081
H,73.270142
B,72.701422
V,78.445498
D,75.582938
