metric,value (%)
length,4844
GC,44.797688
A,28.323699
G,23.038811
C,21.758877
T,26.878613
U,0.000000
N,0.000000
M,50.082576
K,49.917424
S,44.797688
W,55.202312
H,76.961189
B,71.676301
V,73.121387
D,78.241123
