metric,value (%)
length,5444
GC,55.749449
A,23.824394
G,29.298310
C,26.451139
T,20.426157
U,0.000000
N,0.000000
M,50.275533
K,49.724467
S,55.749449
W,44.250551
H,70.701690
B,76.175606
V,79.573843
D,73.548861
