metric,value (%)
length,5610
GC,44.224599
A,34.830660
G,21.978610
C,22.245989
T,20.944742
U,0.000000
N,0.000000
M,57.076649
K,42.923351
S,44.224599
W,55.775401
H,78.021390
B,65.169340
V,79.055258
D,77.754011
