metric,value (%)
length,6310
GC,41.806656
A,35.657686
G,24.976228
C,16.830428
T,22.535658
U,0.000000
N,0.000000
M,52.488114
K,47.511886
S,41.806656
W,58.193344
H,75.023772
B,64.342314
V,77.464342
D,83.169572
