metric,value (%)
length,4139
GC,37.859386
A,40.734477
G,17.999517
C,19.859870
T,21.406137
U,0.000000
N,0.000000
M,60.594346
K,39.405654
S,37.859386
W,62.140614
H,82.000483
B,59.265523
V,78.593863
D,80.140130
