metric,value (%)
length,5114
GC,51.231912
A,23.699648
G,26.867423
C,24.364490
T,25.068440
U,0.000000
N,0.000000
M,48.064138
K,51.935862
S,51.231912
W,48.768088
H,73.132577
B,76.300352
V,74.931560
D,75.635510
