metric,value (%)
length,5049
GC,41.632006
A,29.867300
G,22.043969
C,19.588037
T,28.500693
U,0.000000
N,0.000000
M,49.455338
K,50.544662
S,41.632006
W,58.367994
H,77.956031
B,70.132700
V,71.499307
D,80.411963
