metric,value (%)
length,4281
GC,42.139687
A,37.631395
G,17.963093
C,24.176594
T,20.228918
U,0.000000
N,0.000000
M,61.807989
K,38.192011
S,42.139687
W,57.860313
H,82.036907
B,62.368605
V,79.771082
D,75.823406
