metric,value (%)
length,4726
GC,53.872196
A,25.391452
G,26.470588
C,27.401608
T,20.736352
U,0.000000
N,0.000000
M,52.793060
K,47.206940
S,53.872196
W,46.127804
H,73.529412
B,74.608548
V,79.263648
D,72.598392
