metric,value (%)
length,4909
GC,37.808108
A,39.743329
G,16.398452
C,21.409656
T,22.448564
U,0.000000
N,0.000000
M,61.152984
K,38.847016
S,37.808108
W,62.191892
H,83.601548
B,60.256671
V,77.551436
D,78.590344
