metric,value (%)
length,4679
GC,53.793546
A,25.603761
G,26.821971
C,26.971575
T,20.602693
U,0.000000
N,0.000000
M,52.575337
K,47.424663
S,53.793546
W,46.206454
H,73.178029
B,74.396239
V,79.397307
D,73.028425
