metric,value (%)
length,5515
GC,48.540345
A,31.223935
G,25.421578
C,23.118767
T,20.235721
U,0.000000
N,0.000000
M,54.342702
K,45.657298
S,48.540345
W,51.459655
H,74.578422
B,68.776065
V,79.764279
D,76.881233
