metric,value (%)
length,5278
GC,50.378931
A,27.453581
G,26.297840
C,24.081091
T,22.167488
U,0.000000
N,0.000000
M,51.534672
K,48.465328
S,50.378931
W,49.621069
H,73.702160
B,72.546419
V,77.832512
D,75.918909
