metric,value (%)
length,4682
GC,54.122170
A,25.950449
G,26.334900
C,27.787270
T,19.927381
U,0.000000
N,0.000000
M,53.737719
K,46.262281
S,54.122170
W,45.877830
H,73.665100
B,74.049551
V,80.072619
D,72.212730
