metric,value (%)
length,4835
GC,42.812823
A,29.927611
G,22.936918
C,19.875905
T,27.238883
U,0.000000
N,0.020683
M,49.803516
K,50.175801
S,42.812823
W,57.166494
H,77.042399
B,70.051706
V,72.740434
D,80.103413
