metric,value (%)
length,5280
GC,39.545455
A,30.359848
G,20.340909
C,19.204545
T,30.094697
U,0.000000
N,0.000000
M,49.564394
K,50.435606
S,39.545455
W,60.454545
H,79.659091
B,69.640152
V,69.905303
D,80.795455
