metric,value (%)
length,4615
GC,42.751896
A,33.651138
G,21.213434
C,21.538462
T,23.596966
U,0.000000
N,0.000000
M,55.189599
K,44.810401
S,42.751896
W,57.248104
H,78.786566
B,66.348862
V,76.403034
D,78.461538
