metric,value (%)
length,6296
GC,42.233164
A,32.941550
G,19.361499
C,22.871665
T,24.825286
U,0.000000
N,0.000000
M,55.813215
K,44.186785
S,42.233164
W,57.766836
H,80.638501
B,67.058450
V,75.174714
D,77.128335
