metric,value (%)
length,5049
GC,49.277085
A,34.026540
G,22.638146
C,26.638938
T,16.696376
U,0.000000
N,0.000000
M,60.665478
K,39.334522
S,49.277085
W,50.722915
H,77.361854
B,65.973460
V,83.303624
D,73.361062
