metric,value (%)
length,4634
GC,38.109625
A,38.800173
G,17.673716
C,20.435909
T,23.090203
U,0.000000
N,0.000000
M,59.236081
K,40.763919
S,38.109625
W,61.890375
H,82.326284
B,61.199827
V,76.909797
D,79.564091
