metric,value (%)
length,5002
GC,37.844862
A,36.345462
G,19.312275
C,18.532587
T,25.809676
U,0.000000
N,0.000000
M,54.878049
K,45.121951
S,37.844862
W,62.155138
H,80.687725
B,63.654538
V,74.190324
D,81.467413
