metric,value (%)
length,4694
GC,54.132936
A,25.756285
G,26.182360
C,27.950575
T,20.110780
U,0.000000
N,0.000000
M,53.706860
K,46.293140
S,54.132936
W,45.867064
H,73.817640
B,74.243715
V,79.889220
D,72.049425
