metric,value (%)
length,4449
GC,51.921780
A,26.028321
G,25.174196
C,26.747584
T,22.049899
U,0.000000
N,0.000000
M,52.775905
K,47.224095
S,51.921780
W,48.078220
H,74.825804
B,73.971679
V,77.950101
D,73.252416
