metric,value (%)
length,5097
GC,41.632333
A,33.019423
G,21.620561
C,20.011772
T,25.328625
U,0.000000
N,0.019619
M,53.031195
K,46.949186
S,41.632333
W,58.348048
H,78.359820
B,66.960957
V,74.651756
D,79.968609
