metric,value (%)
length,4981
GC,43.244328
A,28.327645
G,21.662317
C,21.582012
T,28.428027
U,0.000000
N,0.000000
M,49.909657
K,50.090343
S,43.244328
W,56.755672
H,78.337683
B,71.672355
V,71.571973
D,78.417988
