metric,value (%)
length,5224
GC,43.778714
A,35.796325
G,21.037519
C,22.741194
T,20.424962
U,0.000000
N,0.000000
M,58.537519
K,41.462481
S,43.778714
W,56.221286
H,78.962481
B,64.203675
V,79.575038
D,77.258806
