metric,value (%)
length,5454
GC,38.118812
A,29.941327
G,19.270260
C,18.848552
T,31.939861
U,0.000000
N,0.000000
M,48.789879
K,51.210121
S,38.118812
W,61.881188
H,80.729740
B,70.058673
V,68.060139
D,81.151448
