metric,value (%)
length,4822
GC,55.868934
A,22.936541
G,28.452924
C,27.416010
T,21.194525
U,0.000000
N,0.000000
M,50.352551
K,49.647449
S,55.868934
W,44.131066
H,71.547076
B,77.063459
V,78.805475
D,72.583990
