metric,value (%)
length,5371
GC,40.774530
A,37.497673
G,18.488177
C,22.286353
T,21.709179
U,0.000000
N,0.018619
M,59.784025
K,40.197356
S,40.774530
W,59.206852
H,81.493204
B,62.483709
V,78.272203
D,77.695029
