metric,value (%)
length,5050
GC,48.237624
A,25.900990
G,24.633663
C,23.603960
T,25.861386
U,0.000000
N,0.000000
M,49.504950
K,50.495050
S,48.237624
W,51.762376
H,75.366337
B,74.099010
V,74.138614
D,76.396040
