metric,value (%)
length,4936
GC,43.537277
A,31.401945
G,22.751216
C,20.786062
T,24.918963
U,0.000000
N,0.141815
M,52.188006
K,47.670178
S,43.537277
W,56.320908
H,77.106969
B,68.456240
V,74.939222
D,79.072123
