metric,value (%)
length,5069
GC,47.484711
A,30.972578
G,24.087591
C,23.397120
T,21.542711
U,0.000000
N,0.000000
M,54.369698
K,45.630302
S,47.484711
W,52.515289
H,75.912409
B,69.027422
V,78.457289
D,76.602880
