metric,value (%)
length,3780
GC,45.767196
A,29.788360
G,22.275132
C,23.492063
T,24.444444
U,0.000000
N,0.000000
M,53.280423
K,46.719577
S,45.767196
W,54.232804
H,77.724868
B,70.211640
V,75.555556
D,76.507937
