metric,value (%)
length,5149
GC,42.124684
A,33.365702
G,21.829481
C,20.295203
T,24.509614
U,0.000000
N,0.000000
M,53.660905
K,46.339095
S,42.124684
W,57.875316
H,78.170519
B,66.634298
V,75.490386
D,79.704797
