metric,value (%)
length,5224
GC,43.587289
A,31.450995
G,24.406585
C,19.180704
T,24.961715
U,0.000000
N,0.000000
M,50.631700
K,49.368300
S,43.587289
W,56.412711
H,75.593415
B,68.549005
V,75.038285
D,80.819296
