metric,value (%)
length,5065
GC,53.129319
A,23.218164
G,27.778875
C,25.350444
T,23.632774
U,0.000000
N,0.019743
M,48.568608
K,51.411649
S,53.129319
W,46.850938
H,72.201382
B,76.762093
V,76.347483
D,74.629812
