metric,value (%)
length,5205
GC,50.701249
A,24.995197
G,25.667627
C,25.033622
T,24.303554
U,0.000000
N,0.000000
M,50.028818
K,49.971182
S,50.701249
W,49.298751
H,74.332373
B,75.004803
V,75.696446
D,74.966378
