metric,value (%)
length,5414
GC,55.338013
A,23.088290
G,28.241596
C,27.096417
T,21.573698
U,0.000000
N,0.000000
M,50.184706
K,49.815294
S,55.338013
W,44.661987
H,71.758404
B,76.911710
V,78.426302
D,72.903583
