metric,value (%)
length,5499
GC,42.044008
A,29.259865
G,21.458447
C,20.585561
T,28.696127
U,0.000000
N,0.000000
M,49.845426
K,50.154574
S,42.044008
W,57.955992
H,78.541553
B,70.740135
V,71.303873
D,79.414439
