metric,value (%)
length,5413
GC,50.637355
A,24.662849
G,25.882136
C,24.755219
T,24.699797
U,0.000000
N,0.000000
M,49.418068
K,50.581932
S,50.637355
W,49.362645
H,74.117864
B,75.337151
V,75.300203
D,75.244781
