metric,value (%)
length,4786
GC,40.910990
A,36.878395
G,20.789804
C,20.121187
T,22.210614
U,0.000000
N,0.000000
M,56.999582
K,43.000418
S,40.910990
W,59.089010
H,79.210196
B,63.121605
V,77.789386
D,79.878813
