metric,value (%)
length,5249
GC,51.857497
A,24.023624
G,26.862259
C,24.995237
T,24.118880
U,0.000000
N,0.000000
M,49.018861
K,50.981139
S,51.857497
W,48.142503
H,73.137741
B,75.976376
V,75.881120
D,75.004763
