metric,value (%)
length,4693
GC,53.782229
A,25.143831
G,26.294481
C,27.487748
T,21.073940
U,0.000000
N,0.000000
M,52.631579
K,47.368421
S,53.782229
W,46.217771
H,73.705519
B,74.856169
V,78.926060
D,72.512252
