metric,value (%)
length,5242
GC,42.159481
A,32.449447
G,20.621900
C,21.537581
T,25.391072
U,0.000000
N,0.000000
M,53.987028
K,46.012972
S,42.159481
W,57.840519
H,79.378100
B,67.550553
V,74.608928
D,78.462419
