metric,value (%)
length,5941
GC,35.465410
A,32.772261
G,18.246087
C,17.219323
T,31.762330
U,0.000000
N,0.000000
M,49.991584
K,50.008416
S,35.465410
W,64.534590
H,81.753913
B,67.227739
V,68.237670
D,82.780677
