metric,value (%)
length,5990
GC,37.929883
A,31.469115
G,19.482471
C,18.447412
T,30.601002
U,0.000000
N,0.000000
M,49.916528
K,50.083472
S,37.929883
W,62.070117
H,80.517529
B,68.530885
V,69.398998
D,81.552588
