metric,value (%)
length,5212
GC,43.917882
A,34.881044
G,20.874904
C,23.042978
T,21.201074
U,0.000000
N,0.000000
M,57.924021
K,42.075979
S,43.917882
W,56.082118
H,79.125096
B,65.118956
V,78.798926
D,76.957022
