metric,value (%)
length,5299
GC,42.253255
A,32.345726
G,20.475561
C,21.777694
T,25.401019
U,0.000000
N,0.000000
M,54.123420
K,45.876580
S,42.253255
W,57.746745
H,79.524439
B,67.654274
V,74.598981
D,78.222306
