metric,value (%)
length,4242
GC,39.863272
A,36.327204
G,20.061292
C,19.801980
T,23.762376
U,0.000000
N,0.047148
M,56.129184
K,43.823668
S,39.863272
W,60.089580
H,79.891561
B,63.625648
V,76.190476
D,80.150872
