metric,value (%)
length,4832
GC,42.239238
A,32.367550
G,21.295530
C,20.943709
T,25.393212
U,0.000000
N,0.000000
M,53.311258
K,46.688742
S,42.239238
W,57.760762
H,78.704470
B,67.632450
V,74.606788
D,79.056291
