metric,value (%)
length,5183
GC,48.253907
A,32.124252
G,24.618947
C,23.634960
T,19.621841
U,0.000000
N,0.000000
M,55.759213
K,44.240787
S,48.253907
W,51.746093
H,75.381053
B,67.875748
V,80.378159
D,76.365040
