metric,value (%)
length,5234
GC,39.854796
A,28.830722
G,21.111960
C,18.742835
T,31.314482
U,0.000000
N,0.000000
M,47.573558
K,52.426442
S,39.854796
W,60.145204
H,78.888040
B,71.169278
V,68.685518
D,81.257165
