metric,value (%)
length,4393
GC,57.090826
A,24.106533
G,27.179604
C,29.911222
T,18.802641
U,0.000000
N,0.000000
M,54.017756
K,45.982244
S,57.090826
W,42.909174
H,72.820396
B,75.893467
V,81.197359
D,70.088778
