metric,value (%)
length,5012
GC,37.769354
A,36.332801
G,19.393456
C,18.375898
T,25.897845
U,0.000000
N,0.000000
M,54.708699
K,45.291301
S,37.769354
W,62.230646
H,80.606544
B,63.667199
V,74.102155
D,81.624102
