metric,value (%)
length,4284
GC,41.900093
A,35.830999
G,18.697479
C,23.202614
T,22.268908
U,0.000000
N,0.000000
M,59.033613
K,40.966387
S,41.900093
W,58.099907
H,81.302521
B,64.169001
V,77.731092
D,76.797386
