metric,value (%)
length,5050
GC,40.673267
A,27.782178
G,19.287129
C,21.386139
T,31.544554
U,0.000000
N,0.000000
M,49.168317
K,50.831683
S,40.673267
W,59.326733
H,80.712871
B,72.217822
V,68.455446
D,78.613861
