metric,value (%)
length,4639
GC,38.844579
A,39.081699
G,17.309765
C,21.534814
T,21.944385
U,0.000000
N,0.129338
M,60.616512
K,39.254150
S,38.844579
W,61.026083
H,82.560897
B,60.788963
V,77.926277
D,78.335848
