metric,value (%)
length,3977
GC,37.113402
A,30.098064
G,19.109882
C,18.003520
T,32.537088
U,0.000000
N,0.251446
M,48.101584
K,51.646970
S,37.113402
W,62.635152
H,80.638672
B,69.650490
V,67.211466
D,81.745034
