metric,value (%)
length,3776
GC,37.235169
A,41.604873
G,17.876059
C,19.359110
T,21.159958
U,0.000000
N,0.000000
M,60.963983
K,39.036017
S,37.235169
W,62.764831
H,82.123941
B,58.395127
V,78.840042
D,80.640890
