metric,value (%)
length,5106
GC,46.905601
A,29.416373
G,24.069722
C,22.835879
T,23.678026
U,0.000000
N,0.000000
M,52.252252
K,47.747748
S,46.905601
W,53.094399
H,75.930278
B,70.583627
V,76.321974
D,77.164121
