seq,count,mean,std,zscore
NC_001401.2,350,305.670000,19.293032,2.297721
NC_001401.2,196,197.440000,16.195876,-0.088912
